,camera_id,filename,image_object_ct,image_object_ct_c,image_object_ct_l,image_object_ct_lr,image_object_ct_r,image_std,timestamp
0,589,1447258654_cctv589.jpg,7,10,10,24,17,0.0861545957173,1447258654
1,594,1447258654_cctv594.jpg,5,12,12,13,6,0.0503269761841,1447258654
2,589,1447260454_cctv589.jpg,11,9,9,28,17,0.0845507440766,1447260454
3,594,1447260454_cctv594.jpg,5,20,20,17,9,0.0545994826327,1447260454
4,594,1447262255_cctv594.jpg,5,29,29,27,7,0.054990092279,1447262255
5,594,1447264056_cctv594.jpg,10,9,9,17,10,0.0851624702809,1447264056
6,594,1447265857_cctv594.jpg,8,11,11,17,11,0.0753276852462,1447265857
7,594,1447267660_cctv594.jpg,10,11,11,30,16,0.151628978393,1447267660
8,594,1447269464_cctv594.jpg,5,24,24,29,9,0.0545478809196,1447269464
9,594,1447283868_cctv594.jpg,7,8,8,21,14,0.0962032742553,1447283868
10,594,1447285671_cctv594.jpg,5,8,8,17,10,0.0867122573815,1447285671
11,594,1447287472_cctv594.jpg,5,7,7,15,9,0.078650793745,1447287472
12,594,1447289272_cctv594.jpg,6,12,12,18,7,0.0753281973827,1447289272
13,594,1447291072_cctv594.jpg,10,5,5,12,9,0.156846631065,1447291072
14,594,1447292873_cctv594.jpg,10,6,6,17,14,0.150687511897,1447292873
15,594,1447294674_cctv594.jpg,7,5,5,9,6,0.14349416458,1447294674
16,594,1447296474_cctv594.jpg,5,5,5,12,8,0.112813626569,1447296474
17,594,1447298278_cctv594.jpg,7,8,8,15,8,0.0935733796849,1447298278
18,594,1447301879_cctv594.jpg,6,8,8,14,7,0.086715058492,1447301879
19,594,1447303679_cctv594.jpg,5,9,9,16,8,0.0930962410388,1447303679
20,594,1447305480_cctv594.jpg,8,9,9,20,11,0.0982024039592,1447305480
21,594,1447307280_cctv594.jpg,8,10,10,16,8,0.162508898612,1447307280
22,594,1447309081_cctv594.jpg,6,10,10,15,6,0.0898478703285,1447309081
23,594,1447310881_cctv594.jpg,6,10,10,19,10,0.101852486922,1447310881
24,594,1447312681_cctv594.jpg,5,13,13,21,9,0.0995259646188,1447312681
25,594,1447314485_cctv594.jpg,10,8,8,11,7,0.178982900763,1447314485
26,594,1447316285_cctv594.jpg,6,9,9,16,8,0.106703347613,1447316285
27,594,1447318089_cctv594.jpg,32,9,9,38,33,0.239730071556,1447318089
28,594,1447319889_cctv594.jpg,6,9,9,16,8,0.112265197925,1447319889
29,594,1447321690_cctv594.jpg,10,6,6,16,11,0.188618496131,1447321690
30,594,1447323490_cctv594.jpg,11,5,5,13,11,0.188147464758,1447323490
31,590,1447325291_cctv590.jpg,8,10,10,21,17,0.11585490361,1447325291
32,592,1447325291_cctv592.jpg,21,29,29,48,30,0.169930868434,1447325291
33,594,1447325291_cctv594.jpg,5,7,7,13,7,0.0842835303672,1447325291
34,590,1447327092_cctv590.jpg,3,1,1,5,5,0.23570885005,1447327092
35,592,1447327092_cctv592.jpg,31,30,30,50,37,0.177498192386,1447327092
36,594,1447327092_cctv594.jpg,9,4,4,11,9,0.121473322985,1447327092
37,590,1447328896_cctv590.jpg,11,18,18,29,15,0.110944714649,1447328896
38,592,1447328896_cctv592.jpg,17,35,35,48,24,0.188475455504,1447328896
39,593,1447328896_cctv593.jpg,14,25,25,40,22,0.11765040978,1447328896
40,594,1447328896_cctv594.jpg,8,22,22,26,11,0.0763818768481,1447328896
41,590,1447330697_cctv590.jpg,10,12,12,18,10,0.0798283407092,1447330697
42,592,1447330697_cctv592.jpg,7,27,27,35,8,0.263036478326,1447330697
43,594,1447330697_cctv594.jpg,14,35,35,42,14,0.145490340556,1447330697
44,590,1447332497_cctv590.jpg,11,10,10,25,13,0.107633252077,1447332497
45,592,1447332497_cctv592.jpg,27,28,28,57,43,0.149464517083,1447332497
46,594,1447332497_cctv594.jpg,6,21,21,28,7,0.0798890137444,1447332497
47,590,1447334297_cctv590.jpg,10,12,12,18,9,0.0899832039733,1447334297
48,592,1447334297_cctv592.jpg,13,17,17,27,14,0.210892401402,1447334297
49,594,1447334297_cctv594.jpg,8,15,15,27,10,0.104221601668,1447334297
50,589,1447336107_cctv589.jpg,31,49,49,52,33,0.261218669061,1447336107
51,590,1447336107_cctv590.jpg,8,10,10,21,12,0.108505923451,1447336107
52,592,1447336107_cctv592.jpg,8,25,25,31,9,0.270804886608,1447336107
53,594,1447336107_cctv594.jpg,7,5,5,10,10,0.06673698078,1447336107
54,589,1447337910_cctv589.jpg,18,26,26,33,20,0.176483408271,1447337910
55,590,1447337910_cctv590.jpg,10,13,13,23,10,0.105918549916,1447337910
56,592,1447337910_cctv592.jpg,14,24,24,34,19,0.108785454957,1447337910
57,594,1447337910_cctv594.jpg,9,19,19,26,12,0.0630230441231,1447337910
58,589,1447339714_cctv589.jpg,8,18,18,34,23,0.058069435671,1447339714
59,590,1447339714_cctv590.jpg,7,7,7,15,11,0.0645752287409,1447339714
60,592,1447339714_cctv592.jpg,12,24,24,38,20,0.179229665319,1447339714
61,594,1447339714_cctv594.jpg,6,5,5,12,11,0.0566698422944,1447339714
62,589,1447341521_cctv589.jpg,12,19,19,29,17,0.164122650967,1447341521
63,590,1447341521_cctv590.jpg,6,13,13,16,11,0.0962349861054,1447341521
64,592,1447341521_cctv592.jpg,8,10,10,14,9,0.134955310173,1447341521
65,594,1447341521_cctv594.jpg,24,23,23,43,24,0.250371131084,1447341521
66,589,1447343321_cctv589.jpg,7,19,19,40,23,0.0888911352162,1447343321
67,590,1447343321_cctv590.jpg,6,13,13,20,8,0.0565508619044,1447343321
68,592,1447343321_cctv592.jpg,10,13,13,20,14,0.0797325360394,1447343321
69,594,1447343321_cctv594.jpg,10,10,10,13,11,0.0927361053359,1447343321
70,589,1447345122_cctv589.jpg,25,38,38,43,21,0.208891441913,1447345122
71,590,1447345122_cctv590.jpg,6,12,12,15,8,0.0779654683542,1447345122
72,592,1447345122_cctv592.jpg,13,30,30,44,24,0.257798673425,1447345122
73,594,1447345122_cctv594.jpg,5,15,15,21,8,0.0521515647376,1447345122
74,589,1447346923_cctv589.jpg,11,34,34,52,28,0.263685085646,1447346923
75,590,1447346923_cctv590.jpg,5,10,10,16,9,0.182492722793,1447346923
76,592,1447346923_cctv592.jpg,15,26,26,43,26,0.133601099907,1447346923
77,594,1447346923_cctv594.jpg,10,22,22,29,11,0.130973187945,1447346923
78,589,1447348725_cctv589.jpg,23,34,34,53,30,0.213075735895,1447348725
79,590,1447348725_cctv590.jpg,11,13,13,23,14,0.0713257121223,1447348725
80,592,1447348725_cctv592.jpg,11,25,25,28,15,0.262812700194,1447348725
81,594,1447348725_cctv594.jpg,9,17,17,25,13,0.0982169242873,1447348725
82,589,1447350530_cctv589.jpg,37,36,36,61,36,0.227672159506,1447350530
83,590,1447350530_cctv590.jpg,6,7,7,16,10,0.0689054963835,1447350530
84,592,1447350530_cctv592.jpg,37,41,41,55,40,0.225107212757,1447350530
85,594,1447350530_cctv594.jpg,7,10,10,15,10,0.0674181642887,1447350530
86,589,1447352341_cctv589.jpg,19,29,29,41,19,0.227143765808,1447352341
87,590,1447352341_cctv590.jpg,7,6,6,10,6,0.163357310133,1447352341
88,592,1447352341_cctv592.jpg,9,20,20,26,14,0.226666377715,1447352341
89,594,1447352341_cctv594.jpg,5,14,14,25,10,0.0612001786792,1447352341
90,589,1447354146_cctv589.jpg,34,50,50,69,36,0.27717562505,1447354146
91,590,1447354146_cctv590.jpg,6,9,9,15,7,0.218990583445,1447354146
92,592,1447354146_cctv592.jpg,18,26,26,40,21,0.213367983615,1447354146
93,594,1447354146_cctv594.jpg,9,11,11,25,17,0.0968464844243,1447354146
94,589,1447355951_cctv589.jpg,48,54,54,85,42,0.254243866059,1447355951
95,590,1447355951_cctv590.jpg,5,10,10,16,7,0.0657603761992,1447355951
96,592,1447355951_cctv592.jpg,13,29,29,47,18,0.20809614316,1447355951
97,594,1447355951_cctv594.jpg,6,16,16,28,15,0.0837031919867,1447355951
98,589,1447357753_cctv589.jpg,21,47,47,58,23,0.245217713251,1447357753
99,590,1447357753_cctv590.jpg,12,15,15,26,21,0.0747380464316,1447357753
100,592,1447357753_cctv592.jpg,1,27,27,31,11,0.280056474251,1447357753
101,589,1447359558_cctv589.jpg,23,33,33,52,21,0.26205204178,1447359558
102,590,1447359558_cctv590.jpg,11,19,19,29,14,0.0992033632792,1447359558
103,589,1447361371_cctv589.jpg,27,33,33,49,28,0.229445340102,1447361371
104,590,1447361371_cctv590.jpg,9,31,31,33,12,0.0540569743709,1447361371
105,589,1447363180_cctv589.jpg,38,57,57,66,37,0.206909555625,1447363180
106,590,1447363180_cctv590.jpg,14,21,21,30,16,0.0769720414841,1447363180
107,594,1447363180_cctv594.jpg,14,43,43,49,14,0.196558637621,1447363180
108,589,1447364984_cctv589.jpg,40,12,12,48,37,0.167050222926,1447364984
109,594,1447364984_cctv594.jpg,18,13,13,28,16,0.115363509076,1447364984
110,589,1447366785_cctv589.jpg,42,43,43,73,41,0.287808405956,1447366785
111,594,1447366785_cctv594.jpg,15,7,7,21,16,0.16452620504,1447366785
112,589,1447368588_cctv589.jpg,33,21,21,45,32,0.221025580261,1447368588
113,594,1447368588_cctv594.jpg,11,8,8,17,11,0.153952222736,1447368588
114,589,1447370389_cctv589.jpg,27,25,25,49,27,0.161843159174,1447370389
115,594,1447370389_cctv594.jpg,20,4,4,21,18,0.23313593627,1447370389
116,589,1447372189_cctv589.jpg,35,28,28,49,35,0.195166206192,1447372189
117,594,1447372189_cctv594.jpg,10,9,9,18,12,0.202991571381,1447372189
118,589,1447373993_cctv589.jpg,26,26,26,40,27,0.175037773027,1447373993
119,594,1447373993_cctv594.jpg,18,5,5,22,19,0.224103004945,1447373993
120,589,1447375797_cctv589.jpg,18,17,17,28,24,0.142994937968,1447375797
121,594,1447375797_cctv594.jpg,13,12,12,20,14,0.149516525431,1447375797
122,589,1447377598_cctv589.jpg,15,15,15,27,25,0.124185515311,1447377598
123,590,1447377598_cctv590.jpg,9,16,16,36,17,0.0909702204038,1447377598
124,592,1447377598_cctv592.jpg,8,14,14,23,15,0.0885180669374,1447377598
125,594,1447377598_cctv594.jpg,5,8,8,14,8,0.0914709296751,1447377598
126,589,1447379401_cctv589.jpg,19,21,21,26,18,0.160662342011,1447379401
127,590,1447379401_cctv590.jpg,8,13,13,29,18,0.10193417649,1447379401
128,592,1447379401_cctv592.jpg,10,12,12,18,11,0.13384493819,1447379401
129,594,1447379401_cctv594.jpg,5,10,10,15,6,0.0958299810593,1447379401
130,589,1447381202_cctv589.jpg,15,12,12,23,16,0.134877188851,1447381202
131,590,1447381202_cctv590.jpg,22,15,15,30,26,0.202938882959,1447381202
132,592,1447381202_cctv592.jpg,14,11,11,22,12,0.177141955007,1447381202
133,594,1447381202_cctv594.jpg,10,9,9,18,11,0.137307839243,1447381202
134,589,1447383005_cctv589.jpg,12,14,14,27,15,0.154614462309,1447383005
135,590,1447383005_cctv590.jpg,3,10,10,16,7,0.298555649162,1447383005
136,592,1447383005_cctv592.jpg,7,11,11,15,8,0.136119951445,1447383005
137,593,1447383005_cctv593.jpg,8,2,2,9,8,0.167852897805,1447383005
138,594,1447383005_cctv594.jpg,10,7,7,14,10,0.181258566813,1447383005
139,589,1447384806_cctv589.jpg,4,20,20,18,5,0.281931311885,1447384806
140,590,1447384806_cctv590.jpg,8,7,7,18,14,0.171998303519,1447384806
141,592,1447384806_cctv592.jpg,13,14,14,25,12,0.183811768464,1447384806
142,593,1447384806_cctv593.jpg,11,8,8,18,12,0.173984168076,1447384806
143,594,1447384806_cctv594.jpg,10,4,4,10,9,0.217350152832,1447384806
144,589,1447386606_cctv589.jpg,19,19,19,30,20,0.160146541038,1447386606
145,590,1447386606_cctv590.jpg,6,4,4,8,8,0.187221191942,1447386606
146,592,1447386606_cctv592.jpg,9,11,11,18,9,0.115369812652,1447386606
147,593,1447386606_cctv593.jpg,6,3,3,10,8,0.0991146392684,1447386606
148,594,1447386606_cctv594.jpg,6,13,13,21,8,0.0992095275117,1447386606
149,589,1447388406_cctv589.jpg,13,18,18,29,16,0.221050610127,1447388406
150,590,1447388406_cctv590.jpg,4,11,11,20,10,0.0842567649295,1447388406
151,592,1447388406_cctv592.jpg,9,10,10,20,11,0.16782317411,1447388406
152,593,1447388406_cctv593.jpg,5,11,11,20,12,0.0573431402875,1447388406
153,594,1447388406_cctv594.jpg,10,7,7,16,11,0.148026154953,1447388406
154,589,1447390207_cctv589.jpg,12,25,25,26,11,0.197609537521,1447390207
155,590,1447390207_cctv590.jpg,5,6,6,17,12,0.0895677997449,1447390207
156,592,1447390207_cctv592.jpg,12,22,22,29,14,0.175519472865,1447390207
157,593,1447390207_cctv593.jpg,5,3,3,7,5,0.143092713553,1447390207
158,594,1447390207_cctv594.jpg,5,11,11,17,7,0.110841321391,1447390207
159,589,1447392007_cctv589.jpg,6,12,12,20,14,0.130265008725,1447392007
160,590,1447392007_cctv590.jpg,1,14,14,27,14,0.0823578231793,1447392007
161,592,1447392007_cctv592.jpg,4,10,10,18,10,0.0844233861372,1447392007
162,593,1447392007_cctv593.jpg,4,4,4,8,5,0.133894627831,1447392007
163,594,1447392007_cctv594.jpg,5,10,10,17,8,0.1140853242,1447392007
164,589,1447393808_cctv589.jpg,6,12,12,20,10,0.123627090858,1447393808
165,590,1447393808_cctv590.jpg,1,4,4,16,13,0.117086524528,1447393808
166,592,1447393808_cctv592.jpg,4,10,10,21,13,0.0839431844916,1447393808
167,593,1447393808_cctv593.jpg,6,5,5,12,8,0.104577595697,1447393808
168,594,1447393808_cctv594.jpg,6,9,9,18,10,0.135552399754,1447393808
169,589,1447395608_cctv589.jpg,6,7,7,15,12,0.136932200295,1447395608
170,590,1447395608_cctv590.jpg,1,5,5,16,13,0.116609560378,1447395608
171,592,1447395608_cctv592.jpg,8,6,6,17,12,0.168255022815,1447395608
172,593,1447395608_cctv593.jpg,3,6,6,9,4,0.0945771358885,1447395608
173,594,1447395608_cctv594.jpg,5,7,7,15,9,0.118459693433,1447395608
174,589,1447397409_cctv589.jpg,6,9,9,20,14,0.136756960129,1447397409
175,590,1447397409_cctv590.jpg,1,4,4,15,12,0.116843818743,1447397409
176,592,1447397409_cctv592.jpg,5,13,13,26,15,0.135380921143,1447397409
177,593,1447397409_cctv593.jpg,6,2,2,9,8,0.14381750384,1447397409
178,594,1447397409_cctv594.jpg,13,10,10,17,10,0.178305790284,1447397409
179,589,1447399212_cctv589.jpg,8,12,12,23,19,0.144108918969,1447399212
180,590,1447399212_cctv590.jpg,2,4,4,16,14,0.106085882493,1447399212
181,592,1447399212_cctv592.jpg,5,8,8,18,13,0.132917023896,1447399212
182,593,1447399212_cctv593.jpg,6,6,6,12,7,0.104350013002,1447399212
183,594,1447399212_cctv594.jpg,11,8,8,14,12,0.201754209378,1447399212
184,589,1447401016_cctv589.jpg,5,12,12,19,12,0.137344700346,1447401016
185,590,1447401016_cctv590.jpg,1,4,4,14,12,0.115351745747,1447401016
186,592,1447401016_cctv592.jpg,4,14,14,25,15,0.0897362376357,1447401016
187,593,1447401016_cctv593.jpg,3,5,5,10,6,0.0961124014109,1447401016
188,594,1447401016_cctv594.jpg,5,10,10,19,10,0.120401417011,1447401016
189,589,1447402817_cctv589.jpg,5,12,12,18,9,0.142955667182,1447402817
190,590,1447402817_cctv590.jpg,1,4,4,16,14,0.115499039657,1447402817
191,592,1447402817_cctv592.jpg,5,8,8,17,12,0.0989854622343,1447402817
192,593,1447402817_cctv593.jpg,4,6,6,9,6,0.0801567830139,1447402817
193,594,1447402817_cctv594.jpg,5,6,6,16,11,0.151341318153,1447402817
194,589,1447404620_cctv589.jpg,11,18,18,27,16,0.175300010993,1447404620
195,590,1447404620_cctv590.jpg,1,11,11,18,8,0.150037028371,1447404620
196,592,1447404620_cctv592.jpg,7,10,10,19,15,0.0970314762286,1447404620
197,593,1447404620_cctv593.jpg,7,5,5,9,5,0.181311448869,1447404620
198,594,1447404620_cctv594.jpg,6,5,5,12,8,0.122598290553,1447404620
199,589,1447406421_cctv589.jpg,8,13,13,26,16,0.12121847184,1447406421
200,590,1447406421_cctv590.jpg,2,5,5,14,11,0.0990164538339,1447406421
201,592,1447406421_cctv592.jpg,4,11,11,17,9,0.0853428544352,1447406421
202,593,1447406421_cctv593.jpg,5,5,5,14,11,0.107654719331,1447406421
203,594,1447406421_cctv594.jpg,9,4,4,13,11,0.176410551283,1447406421
204,589,1447408221_cctv589.jpg,5,10,10,16,12,0.129972679071,1447408221
205,590,1447408221_cctv590.jpg,4,12,12,27,17,0.0942212741764,1447408221
206,592,1447408221_cctv592.jpg,7,10,10,23,16,0.104646885672,1447408221
207,593,1447408221_cctv593.jpg,6,7,7,11,7,0.0570501593344,1447408221
208,594,1447408221_cctv594.jpg,5,6,6,18,11,0.148170207444,1447408221
209,589,1447410024_cctv589.jpg,8,13,13,25,14,0.108882902072,1447410024
210,590,1447410024_cctv590.jpg,5,6,6,14,11,0.1526415921,1447410024
211,592,1447410024_cctv592.jpg,14,12,12,24,11,0.136459440055,1447410024
212,593,1447410024_cctv593.jpg,5,3,3,7,5,0.141050767009,1447410024
213,594,1447410024_cctv594.jpg,10,6,6,18,13,0.132063122322,1447410024
214,589,1447411825_cctv589.jpg,24,20,20,35,27,0.213566385992,1447411825
215,590,1447411825_cctv590.jpg,10,12,12,17,10,0.14887321252,1447411825
216,592,1447411825_cctv592.jpg,17,20,20,29,17,0.18900100772,1447411825
217,593,1447411825_cctv593.jpg,21,12,12,31,20,0.221892863026,1447411825
218,594,1447411825_cctv594.jpg,7,3,3,8,7,0.164009603998,1447411825
219,589,1447413625_cctv589.jpg,47,25,25,69,50,0.263754594348,1447413625
220,590,1447413625_cctv590.jpg,11,9,9,19,11,0.0391557611516,1447413625
221,592,1447413625_cctv592.jpg,22,15,15,36,23,0.194298689666,1447413625
222,593,1447413625_cctv593.jpg,24,24,24,43,27,0.209696579547,1447413625
223,594,1447413625_cctv594.jpg,6,1,1,8,8,0.112800430453,1447413625
224,589,1447415426_cctv589.jpg,26,30,30,45,26,0.29157898138,1447415426
225,590,1447415426_cctv590.jpg,13,12,12,21,13,0.0911327542556,1447415426
226,592,1447415426_cctv592.jpg,24,28,28,45,29,0.245856792793,1447415426
227,593,1447415426_cctv593.jpg,36,31,31,60,35,0.155901724346,1447415426
228,594,1447415426_cctv594.jpg,7,15,15,21,12,0.0537510176248,1447415426
229,589,1447417229_cctv589.jpg,27,27,27,49,29,0.120727377843,1447417229
230,590,1447417229_cctv590.jpg,7,4,4,10,7,0.188578181853,1447417229
231,592,1447417229_cctv592.jpg,23,15,15,38,29,0.125963048805,1447417229
232,593,1447417229_cctv593.jpg,16,16,16,35,21,0.215214860051,1447417229
233,589,1447419029_cctv589.jpg,29,20,20,46,28,0.21099093247,1447419029
234,590,1447419029_cctv590.jpg,8,6,6,11,6,0.143894363364,1447419029
235,592,1447419029_cctv592.jpg,24,41,41,52,22,0.225520349904,1447419029
236,593,1447419029_cctv593.jpg,39,26,26,45,33,0.130309427981,1447419029
237,589,1447420830_cctv589.jpg,47,10,10,48,40,0.178800421808,1447420830
238,590,1447420830_cctv590.jpg,13,21,21,36,31,0.119106995313,1447420830
239,592,1447420830_cctv592.jpg,25,27,27,40,29,0.120954056261,1447420830
240,593,1447420830_cctv593.jpg,32,13,13,52,38,0.166353594257,1447420830
241,589,1447422630_cctv589.jpg,33,23,23,47,29,0.186732479848,1447422630
242,590,1447422630_cctv590.jpg,23,15,15,33,19,0.210657753625,1447422630
243,592,1447422630_cctv592.jpg,18,26,26,61,23,0.261672345682,1447422630
244,593,1447422630_cctv593.jpg,4,23,23,57,39,0.195053010455,1447422630
245,589,1447424432_cctv589.jpg,15,37,37,46,24,0.114822754643,1447424432
246,590,1447424432_cctv590.jpg,11,11,11,19,12,0.0667765745164,1447424432
247,592,1447424432_cctv592.jpg,10,12,12,28,16,0.0961306522434,1447424432
248,593,1447424432_cctv593.jpg,18,26,26,56,43,0.174574125737,1447424432
249,589,1447426232_cctv589.jpg,27,37,37,42,20,0.172721263832,1447426232
250,590,1447426232_cctv590.jpg,12,2,2,13,12,0.244180490866,1447426232
251,592,1447426232_cctv592.jpg,11,21,21,36,21,0.123485042104,1447426232
252,593,1447426232_cctv593.jpg,22,23,23,80,52,0.177253686137,1447426232
253,589,1447428033_cctv589.jpg,25,25,25,39,28,0.278394183765,1447428033
254,590,1447428033_cctv590.jpg,3,4,4,22,22,0.169990461764,1447428033
255,592,1447428033_cctv592.jpg,24,38,38,50,34,0.201360285047,1447428033
256,593,1447428033_cctv593.jpg,22,22,22,61,47,0.189226775671,1447428033
257,589,1447429833_cctv589.jpg,27,22,22,44,23,0.323079891776,1447429833
258,590,1447429833_cctv590.jpg,10,8,8,16,13,0.158037248712,1447429833
259,592,1447429833_cctv592.jpg,18,22,22,30,21,0.172906219136,1447429833
260,593,1447429833_cctv593.jpg,1,28,28,54,32,0.257814582156,1447429833
261,589,1447431642_cctv589.jpg,18,26,26,38,17,0.291616220272,1447431642
262,590,1447431642_cctv590.jpg,10,12,12,20,15,0.1613608892,1447431642
263,592,1447431642_cctv592.jpg,13,28,28,36,12,0.250754035838,1447431642
264,593,1447431642_cctv593.jpg,32,25,25,51,36,0.22654711406,1447431642
265,589,1447433443_cctv589.jpg,33,24,24,55,33,0.163373694377,1447433443
266,590,1447433443_cctv590.jpg,6,14,14,24,12,0.0476795069587,1447433443
267,593,1447433443_cctv593.jpg,6,41,41,57,25,0.254906151131,1447433443
268,589,1447435243_cctv589.jpg,12,38,38,40,20,0.154805296387,1447435243
269,590,1447435243_cctv590.jpg,9,3,3,11,9,0.133850120754,1447435243
270,592,1447435243_cctv592.jpg,24,40,40,49,27,0.195423091898,1447435243
271,593,1447435243_cctv593.jpg,30,19,19,41,33,0.204515218322,1447435243
272,589,1447437045_cctv589.jpg,34,32,32,51,37,0.16927779508,1447437045
273,590,1447437045_cctv590.jpg,6,11,11,19,9,0.116401554812,1447437045
274,592,1447437045_cctv592.jpg,20,28,28,47,20,0.25889278176,1447437045
275,593,1447437045_cctv593.jpg,26,26,26,57,38,0.123331525016,1447437045
276,589,1447438845_cctv589.jpg,29,35,35,61,30,0.253072859281,1447438845
277,590,1447438845_cctv590.jpg,6,15,15,21,7,0.178311027673,1447438845
278,592,1447438845_cctv592.jpg,26,46,46,57,23,0.259840776572,1447438845
279,593,1447438845_cctv593.jpg,30,41,41,76,33,0.238613348501,1447438845
280,589,1447440646_cctv589.jpg,29,53,53,54,31,0.266511885854,1447440646
281,590,1447440646_cctv590.jpg,8,12,12,17,8,0.0642998931287,1447440646
282,592,1447440646_cctv592.jpg,14,28,28,33,14,0.233150235958,1447440646
283,593,1447440646_cctv593.jpg,1,37,37,60,19,0.228502765213,1447440646
284,589,1447442446_cctv589.jpg,32,49,49,70,36,0.153544571652,1447442446
285,590,1447442446_cctv590.jpg,3,9,9,18,10,0.0712163172771,1447442446
286,592,1447442446_cctv592.jpg,16,38,38,44,23,0.254943505879,1447442446
287,593,1447442446_cctv593.jpg,15,43,43,71,34,0.174807589487,1447442446
288,589,1447444257_cctv589.jpg,28,25,25,49,30,0.271306064416,1447444257
289,590,1447444257_cctv590.jpg,15,1,1,12,12,0.133155663808,1447444257
290,592,1447444257_cctv592.jpg,16,13,13,23,18,0.0910493463439,1447444257
291,593,1447444257_cctv593.jpg,24,36,36,78,40,0.204044508375,1447444257
292,589,1447446058_cctv589.jpg,31,22,22,48,29,0.259292871205,1447446058
293,590,1447446058_cctv590.jpg,20,14,14,32,19,0.0339947183164,1447446058
294,592,1447446058_cctv592.jpg,18,16,16,33,19,0.182406036361,1447446058
295,593,1447446058_cctv593.jpg,10,26,26,49,28,0.105755692921,1447446058
296,589,1447447858_cctv589.jpg,19,26,26,47,22,0.123532312658,1447447858
297,590,1447447858_cctv590.jpg,7,7,7,13,7,0.0322320168269,1447447858
298,592,1447447858_cctv592.jpg,22,16,16,24,18,0.0922791470554,1447447858
299,593,1447447858_cctv593.jpg,21,23,23,53,39,0.1786954285,1447447858
300,589,1447449659_cctv589.jpg,27,56,56,64,28,0.208456480151,1447449659
301,590,1447449659_cctv590.jpg,12,14,14,25,15,0.055014746784,1447449659
302,592,1447449659_cctv592.jpg,16,25,25,28,18,0.157078146196,1447449659
303,593,1447449659_cctv593.jpg,14,22,22,32,15,0.107234889171,1447449659
304,589,1447451459_cctv589.jpg,45,26,26,59,44,0.157595022522,1447451459
305,590,1447451459_cctv590.jpg,22,14,14,35,22,0.0643137501736,1447451459
306,592,1447451459_cctv592.jpg,20,18,18,35,20,0.13413375049,1447451459
307,594,1447451459_cctv594.jpg,21,14,14,32,21,0.135339237797,1447451459
308,589,1447453260_cctv589.jpg,38,43,43,63,40,0.196698167708,1447453260
309,590,1447453260_cctv590.jpg,12,8,8,15,13,0.140639615749,1447453260
310,592,1447453260_cctv592.jpg,19,21,21,38,20,0.171205175828,1447453260
311,594,1447453260_cctv594.jpg,16,13,13,25,15,0.202446972726,1447453260
312,589,1447455060_cctv589.jpg,56,35,35,66,56,0.222490067591,1447455060
313,590,1447455060_cctv590.jpg,7,6,6,19,16,0.0809744318323,1447455060
314,592,1447455060_cctv592.jpg,22,16,16,27,25,0.166395465499,1447455060
315,594,1447455060_cctv594.jpg,11,16,16,24,11,0.238366226061,1447455060
316,589,1447456861_cctv589.jpg,44,38,38,61,43,0.226979447554,1447456861
317,590,1447456861_cctv590.jpg,17,15,15,31,21,0.243864387755,1447456861
318,592,1447456861_cctv592.jpg,29,24,24,44,28,0.15637912492,1447456861
319,594,1447456861_cctv594.jpg,17,12,12,26,18,0.233578396653,1447456861
320,589,1447458664_cctv589.jpg,18,22,22,32,19,0.239770507184,1447458664
321,590,1447458664_cctv590.jpg,13,20,20,30,19,0.157411337595,1447458664
322,592,1447458664_cctv592.jpg,17,15,15,28,20,0.164882277745,1447458664
323,594,1447458664_cctv594.jpg,25,12,12,28,23,0.209046412215,1447458664
324,589,1447460465_cctv589.jpg,32,34,34,53,36,0.172895039007,1447460465
325,590,1447460465_cctv590.jpg,12,10,10,20,14,0.142845830094,1447460465
326,592,1447460465_cctv592.jpg,14,15,15,26,16,0.18315980352,1447460465
327,594,1447460465_cctv594.jpg,16,10,10,21,14,0.168163831821,1447460465
328,589,1447462268_cctv589.jpg,34,37,37,60,36,0.199190436464,1447462268
329,590,1447462268_cctv590.jpg,12,14,14,24,17,0.119399339887,1447462268
330,592,1447462268_cctv592.jpg,27,23,23,32,26,0.170369339752,1447462268
331,594,1447462268_cctv594.jpg,19,8,8,19,17,0.180146869488,1447462268
332,589,1447464068_cctv589.jpg,30,25,25,41,34,0.160682589047,1447464068
333,590,1447464068_cctv590.jpg,10,7,7,12,11,0.150780613133,1447464068
334,592,1447464068_cctv592.jpg,17,22,22,34,24,0.188308983178,1447464068
335,594,1447464068_cctv594.jpg,8,9,9,16,9,0.0884644768314,1447464068
336,589,1447465869_cctv589.jpg,32,49,49,57,38,0.209497804418,1447465869
337,590,1447465869_cctv590.jpg,4,12,12,24,14,0.0613709610534,1447465869
338,592,1447465869_cctv592.jpg,14,13,13,28,19,0.166098095424,1447465869
339,594,1447465869_cctv594.jpg,5,8,8,15,8,0.089261022012,1447465869
340,589,1447467669_cctv589.jpg,10,11,11,23,13,0.197910736524,1447467669
341,590,1447467669_cctv590.jpg,9,9,9,19,13,0.164468614653,1447467669
342,592,1447467669_cctv592.jpg,9,11,11,19,13,0.151693098563,1447467669
343,594,1447467669_cctv594.jpg,8,9,9,13,9,0.144442187081,1447467669
344,589,1447469473_cctv589.jpg,10,8,8,25,16,0.152441766726,1447469473
345,590,1447469473_cctv590.jpg,12,8,8,21,16,0.166468180862,1447469473
346,592,1447469473_cctv592.jpg,8,10,10,21,13,0.100398616334,1447469473
347,589,1447471273_cctv589.jpg,30,28,28,31,25,0.222236378027,1447471273
348,590,1447471273_cctv590.jpg,8,5,5,18,15,0.0972281424512,1447471273
349,592,1447471273_cctv592.jpg,33,29,29,53,36,0.205632201675,1447471273
350,589,1447473083_cctv589.jpg,42,56,56,53,40,0.243355063038,1447473083
351,590,1447473083_cctv590.jpg,5,6,6,18,13,0.0748370641285,1447473083
352,592,1447473083_cctv592.jpg,17,21,21,36,19,0.264115637501,1447473083
353,589,1447474883_cctv589.jpg,30,40,40,60,32,0.288100689422,1447474883
354,590,1447474883_cctv590.jpg,5,5,5,12,9,0.119680701581,1447474883
355,592,1447474883_cctv592.jpg,38,36,36,63,36,0.241268408912,1447474883
356,589,1447476684_cctv589.jpg,28,30,30,46,31,0.176651436957,1447476684
357,590,1447476684_cctv590.jpg,9,7,7,18,15,0.153229292917,1447476684
358,592,1447476684_cctv592.jpg,35,36,36,65,41,0.243020805362,1447476684
359,589,1447478484_cctv589.jpg,14,16,16,38,16,0.118971952185,1447478484
360,590,1447478484_cctv590.jpg,2,4,4,14,12,0.127707647537,1447478484
361,592,1447478484_cctv592.jpg,33,46,46,81,42,0.258324721213,1447478484
362,589,1447480285_cctv589.jpg,6,12,12,26,16,0.12286441764,1447480285
363,590,1447480285_cctv590.jpg,1,7,7,16,11,0.160496421991,1447480285
364,592,1447480285_cctv592.jpg,4,11,11,19,10,0.0863885028923,1447480285
365,589,1447482085_cctv589.jpg,9,8,8,20,14,0.145038970415,1447482085
366,590,1447482085_cctv590.jpg,2,4,4,15,12,0.0934773542694,1447482085
367,592,1447482085_cctv592.jpg,5,9,9,19,13,0.127417087338,1447482085
368,589,1447483885_cctv589.jpg,12,11,11,30,20,0.185493810662,1447483885
369,590,1447483885_cctv590.jpg,2,4,4,16,14,0.107640642253,1447483885
370,592,1447483885_cctv592.jpg,4,12,12,20,10,0.0889528754105,1447483885
371,589,1447485686_cctv589.jpg,8,9,9,24,17,0.1279182369,1447485686
372,590,1447485686_cctv590.jpg,3,6,6,13,9,0.173022921024,1447485686
373,592,1447485686_cctv592.jpg,5,11,11,20,10,0.154517342009,1447485686
374,589,1447487486_cctv589.jpg,7,6,6,23,19,0.183272885989,1447487486
375,590,1447487486_cctv590.jpg,3,9,9,18,10,0.0836266130009,1447487486
376,592,1447487486_cctv592.jpg,4,11,11,18,8,0.0960578893386,1447487486
377,589,1447489288_cctv589.jpg,7,8,8,24,18,0.130762067583,1447489288
378,590,1447489288_cctv590.jpg,1,4,4,15,13,0.113149894789,1447489288
379,592,1447489288_cctv592.jpg,5,10,10,18,11,0.10595457025,1447489288
380,589,1447491088_cctv589.jpg,11,9,9,23,15,0.137301507905,1447491088
381,590,1447491088_cctv590.jpg,2,4,4,19,15,0.108467004622,1447491088
382,592,1447491088_cctv592.jpg,6,15,15,21,8,0.0955471093424,1447491088
383,589,1447492889_cctv589.jpg,6,11,11,27,19,0.138131105406,1447492889
384,590,1447492889_cctv590.jpg,1,5,5,17,14,0.113318221555,1447492889
385,592,1447492889_cctv592.jpg,4,13,13,17,6,0.0943776389434,1447492889
386,589,1447494692_cctv589.jpg,8,10,10,24,16,0.116061739755,1447494692
387,590,1447494692_cctv590.jpg,1,5,5,16,12,0.110946693313,1447494692
388,592,1447494692_cctv592.jpg,4,11,11,12,5,0.0954248238489,1447494692
389,589,1447496492_cctv589.jpg,12,20,20,30,15,0.130263656183,1447496492
390,590,1447496492_cctv590.jpg,3,5,5,20,15,0.138210712261,1447496492
391,592,1447496492_cctv592.jpg,8,13,13,20,12,0.114682953644,1447496492
392,589,1447498309_cctv589.jpg,21,17,17,30,18,0.28298522867,1447498309
393,590,1447498309_cctv590.jpg,7,9,9,14,6,0.268400265718,1447498309
394,592,1447498309_cctv592.jpg,9,7,7,13,9,0.11152717488,1447498309
395,589,1447500112_cctv589.jpg,13,13,13,26,23,0.0722488064633,1447500112
396,590,1447500112_cctv590.jpg,9,8,8,16,9,0.0357559923888,1447500112
397,592,1447500112_cctv592.jpg,9,11,11,21,9,0.107183675135,1447500112
398,589,1447501913_cctv589.jpg,12,9,9,35,16,0.0652429406442,1447501913
399,590,1447501913_cctv590.jpg,21,30,30,49,23,0.0721213897923,1447501913
400,592,1447501913_cctv592.jpg,12,8,8,18,13,0.18472732342,1447501913
401,589,1447503713_cctv589.jpg,7,21,21,25,8,0.0371122513616,1447503713
402,590,1447503713_cctv590.jpg,5,12,12,19,8,0.156476019865,1447503713
403,592,1447503713_cctv592.jpg,12,7,7,17,13,0.0432468307054,1447503713
404,589,1447505513_cctv589.jpg,20,8,8,27,20,0.117656618145,1447505513
405,590,1447505513_cctv590.jpg,4,14,14,19,7,0.0583566393629,1447505513
406,592,1447505513_cctv592.jpg,25,10,10,26,20,0.121490806557,1447505513
407,589,1447507314_cctv589.jpg,42,14,14,53,40,0.149220001723,1447507314
408,590,1447507314_cctv590.jpg,1,1,1,1,1,,1447507314
409,592,1447507314_cctv592.jpg,23,27,27,52,31,0.096761318809,1447507314
410,589,1447509114_cctv589.jpg,21,34,34,44,28,0.152921950713,1447509114
411,590,1447509114_cctv590.jpg,17,15,15,30,18,0.232548327516,1447509114
412,592,1447509114_cctv592.jpg,11,24,24,52,16,0.215338480768,1447509114
413,589,1447510915_cctv589.jpg,17,23,23,36,22,0.101073467345,1447510915
414,590,1447510915_cctv590.jpg,14,7,7,18,12,0.0855578367342,1447510915
415,592,1447510915_cctv592.jpg,23,25,25,43,27,0.100707555267,1447510915
416,589,1447512715_cctv589.jpg,9,7,7,15,10,0.0642650870281,1447512715
417,590,1447512715_cctv590.jpg,17,12,12,22,11,0.0760768678977,1447512715
418,592,1447512715_cctv592.jpg,12,24,24,33,16,0.062136212693,1447512715
419,589,1447514518_cctv589.jpg,8,3,3,20,18,0.192871028512,1447514518
420,590,1447514518_cctv590.jpg,2,3,3,19,18,0.185511565657,1447514518
421,592,1447514518_cctv592.jpg,14,20,20,40,18,0.137831806684,1447514518
422,589,1447516319_cctv589.jpg,23,7,7,28,22,0.210842336575,1447516319
423,590,1447516319_cctv590.jpg,1,7,7,21,18,0.142576749262,1447516319
424,592,1447516319_cctv592.jpg,14,24,24,45,24,0.0989907484872,1447516319
425,589,1447518119_cctv589.jpg,10,10,10,16,8,0.151309953773,1447518119
426,590,1447518119_cctv590.jpg,2,13,13,23,11,0.0501482723114,1447518119
427,592,1447518119_cctv592.jpg,16,17,17,36,21,0.118001591306,1447518119
428,589,1447519920_cctv589.jpg,12,2,2,13,12,0.147780001799,1447519920
429,590,1447519920_cctv590.jpg,6,8,8,25,11,0.093338521433,1447519920
430,592,1447519920_cctv592.jpg,11,17,17,30,19,0.131656729976,1447519920
431,589,1447521725_cctv589.jpg,25,23,23,43,25,0.212928306893,1447521725
432,590,1447521725_cctv590.jpg,7,11,11,24,13,0.131706575644,1447521725
433,592,1447521725_cctv592.jpg,14,16,16,37,17,0.169365805466,1447521725
434,589,1447523526_cctv589.jpg,27,27,27,55,38,0.208364868346,1447523526
435,590,1447523526_cctv590.jpg,9,20,20,44,23,0.134797129233,1447523526
436,592,1447523526_cctv592.jpg,23,29,29,40,25,0.194896904689,1447523526
437,589,1447525326_cctv589.jpg,7,17,17,33,24,0.120860262744,1447525326
438,590,1447525326_cctv590.jpg,9,20,20,39,19,0.133379945048,1447525326
439,592,1447525326_cctv592.jpg,12,13,13,27,20,0.130894155068,1447525326
440,589,1447527127_cctv589.jpg,10,10,10,32,30,0.142738546992,1447527127
441,590,1447527127_cctv590.jpg,20,14,14,26,14,0.140717701134,1447527127
442,592,1447527127_cctv592.jpg,7,14,14,16,6,0.291935638733,1447527127
443,589,1447528927_cctv589.jpg,19,33,33,43,21,0.206036927464,1447528927
444,590,1447528927_cctv590.jpg,14,1,1,9,9,0.172987407631,1447528927
445,592,1447528927_cctv592.jpg,13,6,6,20,15,0.134507977835,1447528927
446,589,1447530728_cctv589.jpg,24,32,32,50,25,0.198167506033,1447530728
447,590,1447530728_cctv590.jpg,8,10,10,20,11,0.0276046420828,1447530728
448,592,1447530728_cctv592.jpg,26,26,26,45,32,0.106965077027,1447530728
449,589,1447532528_cctv589.jpg,18,17,17,26,15,0.12655720541,1447532528
450,590,1447532528_cctv590.jpg,11,18,18,28,11,0.0174052831469,1447532528
451,592,1447532528_cctv592.jpg,23,20,20,38,24,0.237617508962,1447532528
452,589,1447534328_cctv589.jpg,14,27,27,32,12,0.122888476421,1447534328
453,590,1447534328_cctv590.jpg,11,1,1,8,8,0.0826256761658,1447534328
454,592,1447534328_cctv592.jpg,10,9,9,21,15,0.122745734684,1447534328
455,589,1447536129_cctv589.jpg,26,38,38,54,24,0.145462888742,1447536129
456,590,1447536129_cctv590.jpg,14,9,9,23,15,0.080727075963,1447536129
457,592,1447536129_cctv592.jpg,21,12,12,33,24,0.07647902872,1447536129
458,590,1447537932_cctv590.jpg,11,1,1,12,12,0.0662563035761,1447537932
459,592,1447537932_cctv592.jpg,25,12,12,39,24,0.0956178979134,1447537932
460,590,1447539736_cctv590.jpg,18,21,21,31,20,0.170283343536,1447539736
461,592,1447539736_cctv592.jpg,28,28,28,53,33,0.137720861349,1447539736
462,590,1447541539_cctv590.jpg,14,16,16,25,18,0.155438761856,1447541539
463,592,1447541539_cctv592.jpg,26,30,30,45,24,0.214014005648,1447541539
464,589,1447543343_cctv589.jpg,30,31,31,37,30,0.204297022767,1447543343
465,590,1447543343_cctv590.jpg,5,7,7,15,10,0.218207786112,1447543343
466,592,1447543343_cctv592.jpg,20,18,18,34,20,0.192363592538,1447543343
467,589,1447545143_cctv589.jpg,32,40,40,44,31,0.181419752123,1447545143
468,590,1447545143_cctv590.jpg,18,15,15,22,16,0.169622264,1447545143
469,592,1447545143_cctv592.jpg,27,15,15,34,30,0.159802558233,1447545143
470,589,1447546945_cctv589.jpg,48,43,43,72,48,0.256351119683,1447546945
471,590,1447546945_cctv590.jpg,9,6,6,20,19,0.155247371264,1447546945
472,592,1447546945_cctv592.jpg,23,28,28,56,30,0.183936165842,1447546945
473,589,1447548745_cctv589.jpg,42,38,38,55,42,0.259517770583,1447548745
474,590,1447548745_cctv590.jpg,6,8,8,15,11,0.137389895308,1447548745
475,592,1447548745_cctv592.jpg,25,23,23,35,26,0.17935313012,1447548745
476,589,1447550549_cctv589.jpg,22,24,24,36,24,0.180601551103,1447550549
477,590,1447550549_cctv590.jpg,8,8,8,17,11,0.205361666556,1447550549
478,592,1447550549_cctv592.jpg,20,10,10,25,22,0.169700309254,1447550549
479,589,1447552349_cctv589.jpg,12,12,12,25,15,0.118191354006,1447552349
480,590,1447552349_cctv590.jpg,2,8,8,17,9,0.254617128984,1447552349
481,592,1447552349_cctv592.jpg,9,9,9,15,11,0.150268332638,1447552349
482,589,1447554149_cctv589.jpg,11,7,7,20,13,0.117937158182,1447554149
483,590,1447554149_cctv590.jpg,7,6,6,11,9,0.185664584103,1447554149
484,592,1447554149_cctv592.jpg,8,9,9,18,14,0.125210836152,1447554149
485,589,1447555950_cctv589.jpg,15,7,7,18,10,0.156741161077,1447555950
486,590,1447555950_cctv590.jpg,3,5,5,16,13,0.0954123786709,1447555950
487,592,1447555950_cctv592.jpg,12,10,10,27,15,0.12720425907,1447555950
488,589,1447557750_cctv589.jpg,7,7,7,20,16,0.138702110256,1447557750
489,590,1447557750_cctv590.jpg,3,6,6,27,15,0.112644616571,1447557750
490,592,1447557750_cctv592.jpg,11,9,9,22,17,0.135602724442,1447557750
491,589,1447559551_cctv589.jpg,16,19,19,28,24,0.144371924958,1447559551
492,590,1447559551_cctv590.jpg,5,5,5,12,9,0.154943336894,1447559551
493,592,1447559551_cctv592.jpg,16,10,10,19,15,0.173457700311,1447559551
494,589,1447561354_cctv589.jpg,11,12,12,35,21,0.130403537228,1447561354
495,590,1447561354_cctv590.jpg,4,6,6,13,12,0.150199105341,1447561354
496,592,1447561354_cctv592.jpg,11,14,14,27,20,0.122446414735,1447561354
497,589,1447563154_cctv589.jpg,9,8,8,17,13,0.122169324415,1447563154
498,590,1447563154_cctv590.jpg,2,8,8,23,16,0.0922068695253,1447563154
499,592,1447563154_cctv592.jpg,9,9,9,24,15,0.171020484689,1447563154
500,589,1447564955_cctv589.jpg,7,13,13,23,13,0.122400485557,1447564955
501,590,1447564955_cctv590.jpg,2,5,5,15,12,0.131573142669,1447564955
502,592,1447564955_cctv592.jpg,4,8,8,15,9,0.15500452925,1447564955
503,589,1447566758_cctv589.jpg,9,11,11,18,13,0.150919341996,1447566758
504,590,1447566758_cctv590.jpg,2,5,5,17,14,0.101793426638,1447566758
505,592,1447566758_cctv592.jpg,4,10,10,16,10,0.0894939355122,1447566758
506,589,1447568559_cctv589.jpg,10,13,13,29,16,0.168920268571,1447568559
507,590,1447568559_cctv590.jpg,6,5,5,19,16,0.18154137155,1447568559
508,592,1447568559_cctv592.jpg,6,10,10,16,12,0.0918057846443,1447568559
509,589,1447570359_cctv589.jpg,5,13,13,22,13,0.159209137035,1447570359
510,590,1447570359_cctv590.jpg,2,4,4,15,13,0.106165189089,1447570359
511,592,1447570359_cctv592.jpg,5,10,10,26,16,0.0934612722994,1447570359
512,589,1447572160_cctv589.jpg,9,10,10,22,13,0.13014982475,1447572160
513,590,1447572160_cctv590.jpg,1,5,5,18,14,0.112742064077,1447572160
514,592,1447572160_cctv592.jpg,5,13,13,20,10,0.0947048912397,1447572160
515,589,1447573960_cctv589.jpg,7,14,14,22,12,0.137654064312,1447573960
516,590,1447573960_cctv590.jpg,1,5,5,16,13,0.112932650185,1447573960
517,592,1447573960_cctv592.jpg,4,8,8,17,12,0.0949854495014,1447573960
518,589,1447575761_cctv589.jpg,10,13,13,28,17,0.146475088606,1447575761
519,590,1447575761_cctv590.jpg,4,7,7,22,16,0.149230612065,1447575761
520,592,1447575761_cctv592.jpg,4,10,10,19,11,0.0969940561372,1447575761
521,589,1447577564_cctv589.jpg,8,17,17,27,15,0.150572643229,1447577564
522,590,1447577564_cctv590.jpg,3,4,4,15,13,0.10434950366,1447577564
523,592,1447577564_cctv592.jpg,4,10,10,19,13,0.084816162032,1447577564
524,593,1447577564_cctv593.jpg,2,12,12,24,12,0.057894112747,1447577564
525,589,1447579365_cctv589.jpg,7,11,11,20,14,0.132979379348,1447579365
526,590,1447579365_cctv590.jpg,1,7,7,12,6,0.17301973483,1447579365
527,592,1447579365_cctv592.jpg,4,15,15,23,13,0.0926532693587,1447579365
528,593,1447579365_cctv593.jpg,5,12,12,22,13,0.0652242811656,1447579365
529,589,1447581168_cctv589.jpg,9,13,13,26,16,0.131192233373,1447581168
530,590,1447581168_cctv590.jpg,5,5,5,17,14,0.131513988587,1447581168
531,592,1447581168_cctv592.jpg,4,11,11,17,9,0.0919897338548,1447581168
532,593,1447581168_cctv593.jpg,2,13,13,19,10,0.057408833219,1447581168
533,589,1447582971_cctv589.jpg,15,15,15,24,15,0.168164595146,1447582971
534,590,1447582971_cctv590.jpg,6,4,4,11,10,0.15731125313,1447582971
535,592,1447582971_cctv592.jpg,4,11,11,22,13,0.0878308345536,1447582971
536,589,1447584781_cctv589.jpg,9,16,16,23,13,0.129010374174,1447584781
537,590,1447584781_cctv590.jpg,9,6,6,16,12,0.149567982327,1447584781
538,592,1447584781_cctv592.jpg,6,11,11,17,7,0.0944785204729,1447584781
539,589,1447586585_cctv589.jpg,8,10,10,15,9,0.0738159835153,1447586585
540,590,1447586585_cctv590.jpg,11,10,10,20,11,0.0458062538636,1447586585
541,592,1447586585_cctv592.jpg,19,14,14,31,21,0.124473929398,1447586585
542,593,1447586585_cctv593.jpg,6,10,10,23,15,0.0304514380336,1447586585
543,589,1447588385_cctv589.jpg,7,8,8,28,13,0.0617638660062,1447588385
544,590,1447588385_cctv590.jpg,2,19,19,26,9,0.0238936733782,1447588385
545,592,1447588385_cctv592.jpg,8,11,11,21,16,0.0620192726208,1447588385
546,593,1447588385_cctv593.jpg,6,15,15,24,18,0.051408842584,1447588385
547,589,1447590186_cctv589.jpg,12,5,5,17,13,0.0981279733794,1447590186
548,590,1447590186_cctv590.jpg,1,12,12,24,13,0.0419029402415,1447590186
549,592,1447590186_cctv592.jpg,9,8,8,21,15,0.0410521788871,1447590186
550,593,1447590186_cctv593.jpg,17,9,9,24,17,0.0797610792703,1447590186
551,589,1447591986_cctv589.jpg,16,8,8,22,15,0.0873850423387,1447591986
552,590,1447591986_cctv590.jpg,1,1,1,1,1,,1447591986
553,592,1447591986_cctv592.jpg,5,14,14,24,12,0.0872920766959,1447591986
554,593,1447591986_cctv593.jpg,23,11,11,19,12,0.110883895917,1447591986
555,589,1447593790_cctv589.jpg,32,16,16,53,40,0.123088728114,1447593790
556,590,1447593790_cctv590.jpg,18,19,19,37,28,0.137880980657,1447593790
557,592,1447593790_cctv592.jpg,9,20,20,21,9,0.115791025341,1447593790
558,593,1447593790_cctv593.jpg,12,13,13,16,11,0.099668504085,1447593790
559,589,1447595590_cctv589.jpg,11,15,15,24,12,0.14612450054,1447595590
560,590,1447595590_cctv590.jpg,21,9,9,26,18,0.200008917971,1447595590
561,592,1447595590_cctv592.jpg,6,27,27,33,16,0.0718593028957,1447595590
562,593,1447595590_cctv593.jpg,10,14,14,19,15,0.0850085282178,1447595590
563,589,1447597390_cctv589.jpg,12,16,16,33,20,0.103628785655,1447597390
564,590,1447597390_cctv590.jpg,15,5,5,18,14,0.0618902985878,1447597390
565,592,1447597390_cctv592.jpg,8,22,22,26,13,0.102947309453,1447597390
566,593,1447597390_cctv593.jpg,8,10,10,23,17,0.0850157444823,1447597390
567,589,1447599194_cctv589.jpg,11,23,23,28,17,0.101223285029,1447599194
568,590,1447599194_cctv590.jpg,12,8,8,21,14,0.241302605764,1447599194
569,592,1447599194_cctv592.jpg,14,22,22,31,17,0.149657575619,1447599194
570,593,1447599194_cctv593.jpg,7,13,13,23,13,0.0931164014307,1447599194
571,589,1447600994_cctv589.jpg,16,11,11,40,19,0.11474197817,1447600994
572,590,1447600994_cctv590.jpg,6,8,8,29,24,0.0723271650526,1447600994
573,592,1447600994_cctv592.jpg,14,19,19,21,14,0.101094346644,1447600994
574,593,1447600994_cctv593.jpg,1,14,14,24,12,0.232522917292,1447600994
575,589,1447602795_cctv589.jpg,14,18,18,32,16,0.137952288062,1447602795
576,590,1447602795_cctv590.jpg,8,10,10,18,12,0.091874194384,1447602795
577,592,1447602795_cctv592.jpg,7,13,13,18,10,0.0760064009139,1447602795
578,593,1447602795_cctv593.jpg,3,23,23,27,6,0.168252308256,1447602795
579,589,1447604604_cctv589.jpg,9,13,13,14,6,0.0579130807936,1447604604
580,590,1447604604_cctv590.jpg,11,6,6,19,16,0.0949411370346,1447604604
581,592,1447604604_cctv592.jpg,5,14,14,19,12,0.0606242454224,1447604604
582,593,1447604604_cctv593.jpg,10,8,8,39,29,0.103970327446,1447604604
583,589,1447606405_cctv589.jpg,11,3,3,13,11,0.164788871121,1447606405
584,590,1447606405_cctv590.jpg,4,4,4,10,10,0.113725584457,1447606405
585,592,1447606405_cctv592.jpg,8,19,19,19,14,0.116831939272,1447606405
586,593,1447606405_cctv593.jpg,7,18,18,27,15,0.0748162781673,1447606405
587,589,1447608205_cctv589.jpg,19,20,20,39,20,0.215385730711,1447608205
588,590,1447608205_cctv590.jpg,9,18,18,31,14,0.149738744963,1447608205
589,592,1447608205_cctv592.jpg,13,29,29,30,15,0.153982142276,1447608205
590,593,1447608205_cctv593.jpg,7,17,17,34,28,0.110242775417,1447608205
591,589,1447610006_cctv589.jpg,10,21,21,40,23,0.140923420782,1447610006
592,590,1447610006_cctv590.jpg,8,19,19,42,24,0.119375751428,1447610006
593,592,1447610006_cctv592.jpg,11,14,14,24,16,0.102296311972,1447610006
594,593,1447610006_cctv593.jpg,11,17,17,36,29,0.124734600211,1447610006
595,589,1447611806_cctv589.jpg,51,39,39,72,52,0.215900678436,1447611806
596,590,1447611806_cctv590.jpg,8,8,8,13,7,0.225952110535,1447611806
597,592,1447611806_cctv592.jpg,14,22,22,29,13,0.172139855603,1447611806
598,593,1447611806_cctv593.jpg,5,4,4,21,19,0.123635984735,1447611806
599,589,1447613610_cctv589.jpg,45,43,43,84,46,0.214582823278,1447613610
600,590,1447613610_cctv590.jpg,13,13,13,30,16,0.135656880075,1447613610
601,593,1447613610_cctv593.jpg,9,15,15,43,28,0.166836727926,1447613610
602,589,1447615410_cctv589.jpg,23,43,43,49,25,0.266888430635,1447615410
603,590,1447615410_cctv590.jpg,10,1,1,14,14,0.136792316579,1447615410
604,593,1447615410_cctv593.jpg,19,13,13,40,34,0.135889577046,1447615410
605,589,1447617211_cctv589.jpg,24,37,37,49,25,0.175755103891,1447617211
606,590,1447617211_cctv590.jpg,13,1,1,11,11,0.0572450721707,1447617211
607,593,1447617211_cctv593.jpg,18,24,24,52,33,0.139986843731,1447617211
608,589,1447619011_cctv589.jpg,24,25,25,37,24,0.152404416774,1447619011
609,590,1447619011_cctv590.jpg,10,1,1,10,10,0.0817643333218,1447619011
610,593,1447619011_cctv593.jpg,18,21,21,55,37,0.153837805546,1447619011
611,589,1447620811_cctv589.jpg,17,27,27,33,15,0.182445061156,1447620811
612,590,1447620811_cctv590.jpg,13,5,5,18,14,0.0349589212954,1447620811
613,593,1447620811_cctv593.jpg,40,24,24,38,26,0.131432429175,1447620811
614,589,1447622612_cctv589.jpg,23,32,32,38,18,0.140222223169,1447622612
615,590,1447622612_cctv590.jpg,13,7,7,18,12,0.113086490908,1447622612
616,593,1447622612_cctv593.jpg,12,27,27,45,20,0.162242205934,1447622612
617,589,1447624412_cctv589.jpg,36,32,32,60,36,0.22554617262,1447624412
618,590,1447624412_cctv590.jpg,16,1,1,16,16,0.103163021059,1447624412
619,593,1447624412_cctv593.jpg,19,4,4,22,19,0.12910080096,1447624412
620,589,1447626213_cctv589.jpg,30,21,21,34,27,0.160528484599,1447626213
621,590,1447626213_cctv590.jpg,12,14,14,24,13,0.242471314619,1447626213
622,593,1447626213_cctv593.jpg,21,1,1,20,20,0.192233056713,1447626213
623,589,1447628013_cctv589.jpg,33,30,30,44,35,0.198841886744,1447628013
624,590,1447628013_cctv590.jpg,12,13,13,29,20,0.177089310806,1447628013
625,593,1447628013_cctv593.jpg,24,3,3,21,19,0.131423654135,1447628013
626,589,1447629817_cctv589.jpg,36,28,28,47,37,0.259644321453,1447629817
627,590,1447629817_cctv590.jpg,10,15,15,30,15,0.141111538293,1447629817
628,593,1447629817_cctv593.jpg,24,1,1,22,22,0.2209316127,1447629817
629,589,1447631617_cctv589.jpg,28,39,39,45,34,0.216554694484,1447631617
630,590,1447631617_cctv590.jpg,33,26,26,36,27,0.200816957561,1447631617
631,593,1447631617_cctv593.jpg,17,6,6,21,17,0.120997827255,1447631617
632,589,1447633418_cctv589.jpg,18,36,36,36,20,0.233210720103,1447633418
633,590,1447633418_cctv590.jpg,17,14,14,24,19,0.187845535518,1447633418
634,593,1447633418_cctv593.jpg,11,17,17,26,12,0.105168823625,1447633418
635,589,1447635218_cctv589.jpg,22,34,34,46,26,0.201809186468,1447635218
636,590,1447635218_cctv590.jpg,12,12,12,22,12,0.289756382026,1447635218
637,593,1447635218_cctv593.jpg,29,17,17,41,27,0.152005801132,1447635218
638,589,1447637019_cctv589.jpg,24,24,24,35,32,0.161687164263,1447637019
639,590,1447637019_cctv590.jpg,13,8,8,23,18,0.140895330157,1447637019
640,593,1447637019_cctv593.jpg,15,8,8,21,15,0.160020420245,1447637019
641,589,1447638819_cctv589.jpg,23,24,24,32,21,0.208098708314,1447638819
642,590,1447638819_cctv590.jpg,11,7,7,16,11,0.146655993343,1447638819
643,593,1447638819_cctv593.jpg,10,12,12,22,11,0.150429568621,1447638819
644,589,1447640619_cctv589.jpg,7,9,9,21,14,0.105633110955,1447640619
645,590,1447640619_cctv590.jpg,11,12,12,21,19,0.126994384253,1447640619
646,593,1447640619_cctv593.jpg,19,13,13,30,19,0.186497904475,1447640619
647,589,1447642420_cctv589.jpg,6,9,9,22,14,0.128134706013,1447642420
648,590,1447642420_cctv590.jpg,6,9,9,16,8,0.24506353341,1447642420
649,593,1447642420_cctv593.jpg,10,7,7,16,10,0.120061517749,1447642420
650,589,1447644220_cctv589.jpg,21,30,30,43,26,0.192474868737,1447644220
651,590,1447644220_cctv590.jpg,2,4,4,11,9,0.114495660554,1447644220
652,593,1447644220_cctv593.jpg,17,2,2,18,17,0.138236435394,1447644220
653,589,1447646021_cctv589.jpg,9,13,13,27,17,0.139694017157,1447646021
654,590,1447646021_cctv590.jpg,6,6,6,19,15,0.1268689022,1447646021
655,592,1447646021_cctv592.jpg,14,20,20,33,19,0.1741608177,1447646021
656,589,1447647821_cctv589.jpg,11,8,8,21,13,0.140984128198,1447647821
657,590,1447647821_cctv590.jpg,6,6,6,20,16,0.113090738966,1447647821
658,592,1447647821_cctv592.jpg,12,11,11,19,14,0.109798966914,1447647821
659,589,1447649625_cctv589.jpg,15,18,18,21,9,0.132536938643,1447649625
660,590,1447649625_cctv590.jpg,5,4,4,20,15,0.114795066803,1447649625
661,592,1447649625_cctv592.jpg,9,9,9,20,20,0.157554841078,1447649625
662,589,1447651428_cctv589.jpg,11,14,14,31,16,0.149526403255,1447651428
663,590,1447651428_cctv590.jpg,3,5,5,15,12,0.100316758882,1447651428
664,592,1447651428_cctv592.jpg,4,13,13,20,10,0.0910434347235,1447651428
665,589,1447653228_cctv589.jpg,12,9,9,18,11,0.128074393069,1447653228
666,590,1447653228_cctv590.jpg,2,5,5,16,12,0.111807530981,1447653228
667,592,1447653228_cctv592.jpg,4,11,11,17,8,0.0971783970088,1447653228
668,589,1447655029_cctv589.jpg,9,12,12,32,18,0.151515200048,1447655029
669,590,1447655029_cctv590.jpg,3,5,5,13,11,0.156237273472,1447655029
670,592,1447655029_cctv592.jpg,6,9,9,19,12,0.118507244345,1447655029
671,589,1447656832_cctv589.jpg,5,10,10,23,15,0.142126500692,1447656832
672,590,1447656832_cctv590.jpg,2,4,4,14,11,0.113839819762,1447656832
673,592,1447656832_cctv592.jpg,10,7,7,25,17,0.145084576733,1447656832
674,589,1447658636_cctv589.jpg,6,14,14,14,7,0.2172466256,1447658636
675,590,1447658636_cctv590.jpg,1,10,10,18,9,0.110985192283,1447658636
676,592,1447658636_cctv592.jpg,4,8,8,17,11,0.098134622836,1447658636
677,589,1447660439_cctv589.jpg,6,11,11,24,16,0.133357169701,1447660439
678,590,1447660439_cctv590.jpg,2,5,5,17,14,0.108973725954,1447660439
679,592,1447660439_cctv592.jpg,4,12,12,20,10,0.0935641180199,1447660439
680,589,1447662240_cctv589.jpg,7,15,15,26,15,0.136969605335,1447662240
681,590,1447662240_cctv590.jpg,2,5,5,17,13,0.133982601195,1447662240
682,592,1447662240_cctv592.jpg,4,11,11,17,8,0.098922846759,1447662240
683,589,1447664040_cctv589.jpg,8,13,13,23,15,0.176314901045,1447664040
684,590,1447664040_cctv590.jpg,2,6,6,17,13,0.110325173381,1447664040
685,592,1447664040_cctv592.jpg,15,15,15,21,16,0.170795831939,1447664040
686,589,1447665844_cctv589.jpg,10,9,9,24,18,0.114962734179,1447665844
687,590,1447665844_cctv590.jpg,8,9,9,21,16,0.182081960562,1447665844
688,592,1447665844_cctv592.jpg,6,12,12,24,15,0.139042976831,1447665844
689,589,1447667644_cctv589.jpg,9,11,11,15,11,0.153034133944,1447667644
690,590,1447667644_cctv590.jpg,2,5,5,10,6,0.126563641475,1447667644
691,592,1447667644_cctv592.jpg,5,11,11,25,15,0.10881048788,1447667644
692,589,1447669444_cctv589.jpg,10,15,15,38,22,0.125253240583,1447669444
693,590,1447669444_cctv590.jpg,10,12,12,21,17,0.141194371138,1447669444
694,592,1447669444_cctv592.jpg,9,9,9,20,16,0.126607092223,1447669444
695,589,1447671247_cctv589.jpg,25,38,38,50,30,0.201620162285,1447671247
696,590,1447671247_cctv590.jpg,11,14,14,27,17,0.129479385831,1447671247
697,592,1447671247_cctv592.jpg,8,14,14,19,12,0.137794145342,1447671247
698,589,1447673047_cctv589.jpg,16,23,23,30,16,0.17605159952,1447673047
699,590,1447673047_cctv590.jpg,6,1,1,7,7,0.0808804855192,1447673047
700,592,1447673047_cctv592.jpg,27,17,17,32,25,0.153447261797,1447673047
701,589,1447674850_cctv589.jpg,44,60,60,71,47,0.160552856829,1447674850
702,590,1447674850_cctv590.jpg,9,13,13,17,10,0.0495766787333,1447674850
703,592,1447674850_cctv592.jpg,15,16,16,30,17,0.235601252251,1447674850
704,589,1447676651_cctv589.jpg,30,17,17,42,30,0.0960233812475,1447676651
705,590,1447676651_cctv590.jpg,5,24,24,36,13,0.0483366211321,1447676651
706,592,1447676651_cctv592.jpg,18,5,5,23,19,0.168527419779,1447676651
707,589,1447678451_cctv589.jpg,29,1,1,23,23,0.244138604639,1447678451
708,590,1447678451_cctv590.jpg,3,18,18,26,10,0.0436043409129,1447678451
709,592,1447678451_cctv592.jpg,18,1,1,16,16,0.188931953418,1447678451
710,590,1447680252_cctv590.jpg,21,23,23,48,33,0.151058691101,1447680252
711,592,1447680252_cctv592.jpg,32,29,29,57,35,0.14573059314,1447680252
712,589,1447682052_cctv589.jpg,50,40,40,62,45,0.195279863573,1447682052
713,590,1447682052_cctv590.jpg,21,11,11,24,16,0.196126040283,1447682052
714,592,1447682052_cctv592.jpg,30,33,33,65,37,0.12238388044,1447682052
715,589,1447683852_cctv589.jpg,33,39,39,56,41,0.197037237046,1447683852
716,590,1447683852_cctv590.jpg,10,9,9,19,11,0.0658768293762,1447683852
717,592,1447683852_cctv592.jpg,41,35,35,43,34,0.280847026074,1447683852
718,589,1447685653_cctv589.jpg,36,59,59,72,33,0.225206697873,1447685653
719,590,1447685653_cctv590.jpg,16,6,6,20,15,0.306775561532,1447685653
720,592,1447685653_cctv592.jpg,19,20,20,48,27,0.20536939921,1447685653
721,590,1447687453_cctv590.jpg,1,6,6,8,4,0.279374674129,1447687453
722,592,1447687453_cctv592.jpg,19,14,14,28,21,0.154911784143,1447687453
723,592,1447689254_cctv592.jpg,17,19,19,50,21,0.163620719586,1447689254
724,592,1447691057_cctv592.jpg,9,14,14,23,12,0.18508351409,1447691057
725,590,1447692861_cctv590.jpg,10,12,12,32,25,0.0995900581587,1447692861
726,592,1447692861_cctv592.jpg,22,20,20,43,22,0.145219312417,1447692861
727,594,1447692861_cctv594.jpg,5,22,22,28,11,0.0591441901917,1447692861
728,592,1447694661_cctv592.jpg,16,25,25,43,26,0.232686410136,1447694661
729,594,1447694661_cctv594.jpg,8,12,12,19,6,0.115450426608,1447694661
730,592,1447696467_cctv592.jpg,7,13,13,18,13,0.117140958375,1447696467
731,594,1447696467_cctv594.jpg,9,19,19,31,11,0.0936751957012,1447696467
732,592,1447698267_cctv592.jpg,16,28,28,51,15,0.230426852031,1447698267
733,594,1447698267_cctv594.jpg,5,33,33,36,8,0.0640878324217,1447698267
734,592,1447700071_cctv592.jpg,19,28,28,39,20,0.166442922107,1447700071
735,594,1447700071_cctv594.jpg,14,25,25,30,14,0.111800996678,1447700071
736,592,1447701871_cctv592.jpg,18,17,17,34,21,0.161637739084,1447701871
737,592,1447703671_cctv592.jpg,22,16,16,36,25,0.146207371417,1447703671
738,592,1447707272_cctv592.jpg,12,17,17,25,13,0.130604960956,1447707272
739,592,1447709076_cctv592.jpg,16,17,17,37,20,0.0831960272736,1447709076
740,592,1447710880_cctv592.jpg,35,5,5,37,33,0.158998205798,1447710880
741,592,1447716281_cctv592.jpg,35,16,16,43,32,0.154869670516,1447716281
742,589,1447718085_cctv589.jpg,16,16,16,29,15,0.254564583889,1447718085
743,592,1447718085_cctv592.jpg,20,27,27,37,22,0.203724983366,1447718085
744,589,1447719886_cctv589.jpg,24,24,24,24,23,0.198398901657,1447719886
745,592,1447719886_cctv592.jpg,17,13,13,23,23,0.141974049399,1447719886
746,589,1447721686_cctv589.jpg,16,11,11,23,14,0.146614321356,1447721686
747,592,1447721686_cctv592.jpg,12,12,12,26,16,0.147210053185,1447721686
748,589,1447723487_cctv589.jpg,9,9,9,23,15,0.102859674547,1447723487
749,592,1447723487_cctv592.jpg,9,9,9,23,16,0.0876956758798,1447723487
750,594,1447723487_cctv594.jpg,6,6,6,14,9,0.0997477436257,1447723487
751,589,1447725287_cctv589.jpg,16,14,14,23,11,0.238403618258,1447725287
752,592,1447725287_cctv592.jpg,13,12,12,28,20,0.145515568759,1447725287
753,594,1447725287_cctv594.jpg,7,8,8,19,15,0.110822011004,1447725287
754,589,1447727088_cctv589.jpg,18,10,10,26,17,0.132946871657,1447727088
755,592,1447727088_cctv592.jpg,14,12,12,35,23,0.134048488762,1447727088
756,594,1447727088_cctv594.jpg,8,9,9,15,9,0.162708174429,1447727088
757,589,1447728889_cctv589.jpg,12,18,18,31,19,0.138259731057,1447728889
758,592,1447728889_cctv592.jpg,11,15,15,26,16,0.158675675862,1447728889
759,594,1447728889_cctv594.jpg,8,10,10,21,11,0.120296668432,1447728889
760,589,1447730690_cctv589.jpg,14,14,14,25,11,0.172177616778,1447730690
761,592,1447730690_cctv592.jpg,6,18,18,22,9,0.0820605142822,1447730690
762,594,1447730690_cctv594.jpg,6,9,9,18,9,0.112127294592,1447730690
763,589,1447732490_cctv589.jpg,6,20,20,28,12,0.192166898662,1447732490
764,592,1447732490_cctv592.jpg,13,13,13,25,15,0.115373854124,1447732490
765,594,1447732490_cctv594.jpg,8,7,7,18,12,0.118453082363,1447732490
766,589,1447734291_cctv589.jpg,10,12,12,21,14,0.15351382251,1447734291
767,592,1447734291_cctv592.jpg,10,11,11,22,19,0.142151215085,1447734291
768,594,1447734291_cctv594.jpg,9,16,16,23,9,0.112824938222,1447734291
769,589,1447736092_cctv589.jpg,9,16,16,27,18,0.123458693244,1447736092
770,592,1447736092_cctv592.jpg,10,9,9,23,17,0.125884520766,1447736092
771,594,1447736092_cctv594.jpg,5,10,10,19,10,0.108746545636,1447736092
772,589,1447737892_cctv589.jpg,11,15,15,28,20,0.172058735638,1447737892
773,592,1447737892_cctv592.jpg,10,9,9,13,11,0.142696914098,1447737892
774,594,1447737892_cctv594.jpg,6,6,6,14,9,0.159468626064,1447737892
775,589,1447739692_cctv589.jpg,6,6,6,26,17,0.145030522397,1447739692
776,592,1447739692_cctv592.jpg,5,11,11,21,15,0.122364094026,1447739692
777,594,1447739692_cctv594.jpg,6,8,8,16,9,0.13003274623,1447739692
778,589,1447741493_cctv589.jpg,7,11,11,20,13,0.138255310956,1447741493
779,592,1447741493_cctv592.jpg,4,9,9,17,10,0.0984345868708,1447741493
780,594,1447741493_cctv594.jpg,6,8,8,13,6,0.126729255186,1447741493
781,589,1447743296_cctv589.jpg,5,11,11,20,13,0.141165781037,1447743296
782,592,1447743296_cctv592.jpg,5,7,7,12,9,0.102434802629,1447743296
783,594,1447743296_cctv594.jpg,6,8,8,17,10,0.12296218202,1447743296
784,589,1447745097_cctv589.jpg,6,11,11,22,16,0.130943887068,1447745097
785,592,1447745097_cctv592.jpg,4,7,7,16,11,0.0984561392603,1447745097
786,594,1447745097_cctv594.jpg,6,7,7,17,11,0.119464343163,1447745097
787,589,1447746897_cctv589.jpg,6,12,12,25,15,0.127295569775,1447746897
788,592,1447746897_cctv592.jpg,6,13,13,21,14,0.129659985286,1447746897
789,594,1447746897_cctv594.jpg,5,9,9,15,7,0.126550652541,1447746897
790,589,1447748698_cctv589.jpg,8,13,13,23,15,0.130813240102,1447748698
791,592,1447748698_cctv592.jpg,5,11,11,14,7,0.0937398261509,1447748698
792,594,1447748698_cctv594.jpg,6,10,10,17,8,0.117088126093,1447748698
793,589,1447750507_cctv589.jpg,6,11,11,21,16,0.132383568006,1447750507
794,592,1447750507_cctv592.jpg,9,5,5,11,12,0.157824521176,1447750507
795,594,1447750507_cctv594.jpg,9,7,7,18,12,0.175140687882,1447750507
796,589,1447752308_cctv589.jpg,10,12,12,25,15,0.12257129494,1447752308
797,592,1447752308_cctv592.jpg,5,14,14,21,10,0.0914356782168,1447752308
798,594,1447752308_cctv594.jpg,10,8,8,16,9,0.146457227724,1447752308
799,589,1447754108_cctv589.jpg,8,9,9,20,13,0.112213505736,1447754108
800,592,1447754108_cctv592.jpg,4,12,12,16,8,0.0920784307524,1447754108
801,594,1447754108_cctv594.jpg,5,8,8,19,12,0.114525743808,1447754108
802,589,1447755909_cctv589.jpg,15,13,13,32,22,0.123011630593,1447755909
803,592,1447755909_cctv592.jpg,7,12,12,16,8,0.157227960831,1447755909
804,594,1447755909_cctv594.jpg,12,8,8,16,13,0.181467290319,1447755909
805,589,1447757709_cctv589.jpg,21,21,21,29,20,0.182501084867,1447757709
806,592,1447757709_cctv592.jpg,7,20,20,30,12,0.0979402543564,1447757709
807,594,1447757709_cctv594.jpg,7,12,12,19,8,0.0657616765891,1447757709
808,589,1447759510_cctv589.jpg,29,1,1,32,32,0.210677180356,1447759510
809,592,1447759510_cctv592.jpg,30,11,11,41,32,0.179275301542,1447759510
810,594,1447759510_cctv594.jpg,4,2,2,7,6,0.09911866376,1447759510
811,589,1447761313_cctv589.jpg,34,38,38,60,38,0.145314859101,1447761313
812,592,1447761313_cctv592.jpg,28,11,11,35,25,0.155406023509,1447761313
813,589,1447763114_cctv589.jpg,9,12,12,17,6,0.199459692138,1447763114
814,592,1447763114_cctv592.jpg,19,3,3,17,19,0.142333991473,1447763114
815,589,1447764917_cctv589.jpg,32,1,1,43,43,0.169217438514,1447764917
816,592,1447764917_cctv592.jpg,29,3,3,35,33,0.156833863335,1447764917
817,594,1447766718_cctv594.jpg,6,7,7,16,12,0.104156284129,1447766718
818,589,1447768521_cctv589.jpg,68,44,44,83,70,0.212355721899,1447768521
819,592,1447768521_cctv592.jpg,22,20,20,25,16,0.287406546153,1447768521
820,594,1447768521_cctv594.jpg,11,19,19,30,15,0.101199969144,1447768521
821,589,1447770322_cctv589.jpg,39,39,39,69,44,0.234563603607,1447770322
822,592,1447770322_cctv592.jpg,38,29,29,69,38,0.187733068336,1447770322
823,594,1447770322_cctv594.jpg,11,15,15,26,17,0.101580252906,1447770322
824,592,1447772122_cctv592.jpg,25,25,25,36,27,0.176135294396,1447772122
825,592,1447773923_cctv592.jpg,12,38,38,52,22,0.338472493388,1447773923
826,593,1447773923_cctv593.jpg,21,23,23,34,22,0.23459659024,1447773923
827,592,1447775732_cctv592.jpg,21,23,23,31,18,0.218300257738,1447775732
828,593,1447775732_cctv593.jpg,33,34,34,58,46,0.200693416202,1447775732
829,592,1447777533_cctv592.jpg,17,16,16,26,17,0.273378129098,1447777533
830,593,1447777533_cctv593.jpg,17,9,9,31,24,0.252387684998,1447777533
831,592,1447779350_cctv592.jpg,29,26,26,46,28,0.22966352555,1447779350
832,593,1447779350_cctv593.jpg,17,21,21,44,31,0.220899635581,1447779350
833,590,1447781154_cctv590.jpg,11,15,15,32,17,0.129864192841,1447781154
834,592,1447781154_cctv592.jpg,23,38,38,61,26,0.271043355068,1447781154
835,593,1447781154_cctv593.jpg,38,36,36,76,53,0.20695362132,1447781154
836,590,1447782957_cctv590.jpg,5,13,13,30,19,0.130280096483,1447782957
837,592,1447782957_cctv592.jpg,15,19,19,31,29,0.14114322636,1447782957
838,593,1447782957_cctv593.jpg,16,24,24,68,37,0.185040062635,1447782957
839,589,1447784758_cctv589.jpg,40,38,38,83,51,0.227842560186,1447784758
840,590,1447784758_cctv590.jpg,5,13,13,19,7,0.15304394972,1447784758
841,592,1447784758_cctv592.jpg,30,15,15,35,26,0.272570314954,1447784758
842,593,1447784758_cctv593.jpg,22,45,45,59,20,0.308575019805,1447784758
843,589,1447786558_cctv589.jpg,29,65,65,78,32,0.316312227726,1447786558
844,590,1447786558_cctv590.jpg,16,14,14,27,15,0.120442763212,1447786558
845,592,1447786558_cctv592.jpg,36,30,30,56,35,0.153437810038,1447786558
846,593,1447786558_cctv593.jpg,27,26,26,46,27,0.246207901382,1447786558
847,589,1447788359_cctv589.jpg,26,48,48,66,32,0.199362968471,1447788359
848,590,1447788359_cctv590.jpg,9,9,9,15,7,0.168904466322,1447788359
849,592,1447788359_cctv592.jpg,40,22,22,44,31,0.127500311212,1447788359
850,593,1447788359_cctv593.jpg,19,29,29,41,22,0.225919607128,1447788359
851,589,1447790159_cctv589.jpg,12,32,32,50,16,0.268556848783,1447790159
852,590,1447790159_cctv590.jpg,15,7,7,19,14,0.0950032904253,1447790159
853,592,1447790159_cctv592.jpg,15,14,14,28,17,0.23372331898,1447790159
854,593,1447790159_cctv593.jpg,7,33,33,40,11,0.285665695913,1447790159
855,589,1447791960_cctv589.jpg,28,26,26,49,28,0.18606934727,1447791960
856,590,1447791960_cctv590.jpg,4,1,1,2,2,0.175179309035,1447791960
857,592,1447791960_cctv592.jpg,12,14,14,24,14,0.123378068886,1447791960
858,593,1447791960_cctv593.jpg,15,19,19,38,24,0.153689261309,1447791960
859,589,1447793760_cctv589.jpg,17,26,26,32,15,0.259866869713,1447793760
860,590,1447793760_cctv590.jpg,11,2,2,12,11,0.107458871829,1447793760
861,592,1447793760_cctv592.jpg,15,16,16,31,23,0.122575142861,1447793760
862,593,1447793760_cctv593.jpg,23,29,29,52,33,0.199285652018,1447793760
863,589,1447795560_cctv589.jpg,34,29,29,54,32,0.238172859643,1447795560
864,590,1447795560_cctv590.jpg,18,12,12,27,18,0.108471710581,1447795560
865,592,1447795560_cctv592.jpg,15,21,21,32,17,0.176184669021,1447795560
866,593,1447795560_cctv593.jpg,18,24,24,36,20,0.153833079776,1447795560
867,589,1447797361_cctv589.jpg,39,26,26,45,37,0.187009266586,1447797361
868,590,1447797361_cctv590.jpg,14,1,1,14,14,0.171132647772,1447797361
869,592,1447797361_cctv592.jpg,22,8,8,28,22,0.190379014864,1447797361
870,589,1447799170_cctv589.jpg,24,28,28,38,26,0.256538534079,1447799170
871,590,1447799170_cctv590.jpg,14,11,11,27,20,0.203548005723,1447799170
872,592,1447799170_cctv592.jpg,21,20,20,30,20,0.170264491627,1447799170
873,589,1447800971_cctv589.jpg,40,25,25,50,38,0.19630057585,1447800971
874,590,1447800971_cctv590.jpg,9,10,10,15,11,0.142207591133,1447800971
875,592,1447800971_cctv592.jpg,29,24,24,40,27,0.18939546682,1447800971
876,589,1447802771_cctv589.jpg,26,28,28,44,26,0.218469070758,1447802771
877,590,1447802771_cctv590.jpg,11,11,11,19,14,0.168039978616,1447802771
878,592,1447802771_cctv592.jpg,21,22,22,40,23,0.194651593537,1447802771
879,589,1447804572_cctv589.jpg,29,24,24,37,34,0.156683420708,1447804572
880,590,1447804572_cctv590.jpg,9,8,8,16,12,0.12955756643,1447804572
881,592,1447804572_cctv592.jpg,27,21,21,28,22,0.156238623282,1447804572
882,589,1447806372_cctv589.jpg,10,13,13,28,16,0.119213542585,1447806372
883,590,1447806372_cctv590.jpg,9,7,7,14,9,0.133807199335,1447806372
884,592,1447806372_cctv592.jpg,15,7,7,20,16,0.144203101133,1447806372
885,589,1447808172_cctv589.jpg,29,32,32,43,30,0.182848105718,1447808172
886,590,1447808172_cctv590.jpg,9,9,9,22,12,0.142691202767,1447808172
887,592,1447808172_cctv592.jpg,12,17,17,31,21,0.113171357421,1447808172
888,589,1447809973_cctv589.jpg,12,10,10,21,12,0.117823473712,1447809973
889,590,1447809973_cctv590.jpg,13,11,11,24,14,0.149651811432,1447809973
890,592,1447809973_cctv592.jpg,19,6,6,28,23,0.212531015762,1447809973
891,589,1447811773_cctv589.jpg,11,12,12,23,16,0.173808426751,1447811773
892,590,1447811773_cctv590.jpg,5,12,12,26,16,0.0766005004581,1447811773
893,592,1447811773_cctv592.jpg,10,14,14,26,15,0.106514263465,1447811773
894,589,1447813574_cctv589.jpg,7,12,12,30,19,0.126600130865,1447813574
895,590,1447813574_cctv590.jpg,9,12,12,22,13,0.159582823898,1447813574
896,592,1447813574_cctv592.jpg,13,9,9,19,16,0.133409339685,1447813574
897,589,1447815383_cctv589.jpg,8,8,8,18,13,0.120401320575,1447815383
898,590,1447815383_cctv590.jpg,5,7,7,17,17,0.109155242533,1447815383
899,592,1447815383_cctv592.jpg,15,13,13,22,17,0.146206954166,1447815383
900,589,1447817183_cctv589.jpg,11,9,9,23,15,0.104718439462,1447817183
901,590,1447817183_cctv590.jpg,5,6,6,15,13,0.108336598527,1447817183
902,592,1447817183_cctv592.jpg,10,10,10,23,18,0.153522725868,1447817183
903,589,1447818987_cctv589.jpg,17,13,13,36,19,0.127772456567,1447818987
904,590,1447818987_cctv590.jpg,6,14,14,25,14,0.0830971322748,1447818987
905,592,1447818987_cctv592.jpg,16,17,17,32,17,0.181393877632,1447818987
906,589,1447820796_cctv589.jpg,9,8,8,18,13,0.0999068235712,1447820796
907,590,1447820796_cctv590.jpg,5,4,4,11,9,0.155224016646,1447820796
908,592,1447820796_cctv592.jpg,12,17,17,30,20,0.120521313063,1447820796
909,589,1447822599_cctv589.jpg,12,15,15,24,16,0.135820629534,1447822599
910,590,1447822599_cctv590.jpg,8,8,8,17,13,0.201288928302,1447822599
911,592,1447822599_cctv592.jpg,8,6,6,22,18,0.134917189865,1447822599
912,589,1447824400_cctv589.jpg,10,8,8,17,11,0.121226331181,1447824400
913,590,1447824400_cctv590.jpg,4,4,4,16,14,0.100075239225,1447824400
914,592,1447824400_cctv592.jpg,6,12,12,20,14,0.118411913052,1447824400
915,589,1447826200_cctv589.jpg,10,11,11,19,12,0.122297153926,1447826200
916,590,1447826200_cctv590.jpg,3,5,5,15,11,0.102739591748,1447826200
917,592,1447826200_cctv592.jpg,5,8,8,14,9,0.0875107823139,1447826200
918,589,1447828004_cctv589.jpg,7,9,9,18,13,0.115568701497,1447828004
919,590,1447828004_cctv590.jpg,3,4,4,15,13,0.102429051583,1447828004
920,592,1447828004_cctv592.jpg,5,9,9,16,10,0.0968896871046,1447828004
921,589,1447829807_cctv589.jpg,16,13,13,25,17,0.15571845721,1447829807
922,590,1447829807_cctv590.jpg,3,5,5,19,15,0.104600933933,1447829807
923,592,1447829807_cctv592.jpg,9,12,12,18,8,0.097772958165,1447829807
924,589,1447831608_cctv589.jpg,7,10,10,20,14,0.122976322186,1447831608
925,590,1447831608_cctv590.jpg,2,5,5,16,13,0.0977196329498,1447831608
926,592,1447831608_cctv592.jpg,5,9,9,19,13,0.0963191263392,1447831608
927,589,1447833411_cctv589.jpg,8,7,7,18,13,0.134860276025,1447833411
928,590,1447833411_cctv590.jpg,1,4,4,14,12,0.112801873779,1447833411
929,592,1447833411_cctv592.jpg,5,8,8,16,9,0.0956854401406,1447833411
930,589,1447835214_cctv589.jpg,8,9,9,19,14,0.129112268083,1447835214
931,590,1447835214_cctv590.jpg,3,4,4,16,14,0.102633812548,1447835214
932,592,1447835214_cctv592.jpg,5,8,8,15,9,0.0970151430143,1447835214
933,589,1447837015_cctv589.jpg,6,9,9,20,13,0.134775167511,1447837015
934,590,1447837015_cctv590.jpg,5,6,6,14,11,0.107929400663,1447837015
935,592,1447837015_cctv592.jpg,4,10,10,17,9,0.0954308726263,1447837015
936,589,1447838824_cctv589.jpg,7,12,12,26,14,0.11784117485,1447838824
937,590,1447838824_cctv590.jpg,1,5,5,21,16,0.113206882054,1447838824
938,592,1447838824_cctv592.jpg,6,10,10,16,10,0.0934821694272,1447838824
939,589,1447840624_cctv589.jpg,7,8,8,19,13,0.122379756889,1447840624
940,590,1447840624_cctv590.jpg,1,7,7,19,13,0.105956406297,1447840624
941,592,1447840624_cctv592.jpg,5,11,11,19,9,0.0951113546986,1447840624
942,589,1447842425_cctv589.jpg,7,10,10,23,14,0.115850037742,1447842425
943,590,1447842425_cctv590.jpg,4,6,6,20,15,0.0897426294382,1447842425
944,592,1447842425_cctv592.jpg,8,8,8,17,13,0.12224654695,1447842425
945,589,1447844228_cctv589.jpg,34,58,58,80,36,0.314408462535,1447844228
946,590,1447844228_cctv590.jpg,13,6,6,20,15,0.109998312303,1447844228
947,592,1447844228_cctv592.jpg,26,15,15,37,28,0.188040613676,1447844228
948,589,1447846032_cctv589.jpg,40,41,41,67,40,0.231136135951,1447846032
949,590,1447846032_cctv590.jpg,10,10,10,21,14,0.042330238536,1447846032
950,592,1447846032_cctv592.jpg,24,18,18,35,20,0.17985938807,1447846032
951,589,1447847832_cctv589.jpg,42,38,38,79,44,0.163420269472,1447847832
952,590,1447847832_cctv590.jpg,13,7,7,14,12,0.10232711872,1447847832
953,589,1447849636_cctv589.jpg,22,39,39,52,27,0.219088382283,1447849636
954,590,1447849636_cctv590.jpg,11,6,6,14,8,0.0680712434685,1447849636
955,592,1447849636_cctv592.jpg,22,37,37,47,27,0.260301849296,1447849636
956,589,1447851437_cctv589.jpg,29,26,26,41,33,0.13806368175,1447851437
957,590,1447851437_cctv590.jpg,5,8,8,10,3,0.232342146413,1447851437
958,592,1447851437_cctv592.jpg,18,38,38,57,18,0.198120650762,1447851437
959,593,1447851437_cctv593.jpg,16,37,37,56,34,0.205808455558,1447851437
960,589,1447853237_cctv589.jpg,26,43,43,56,26,0.309979319392,1447853237
961,590,1447853237_cctv590.jpg,9,18,18,24,10,0.13473664824,1447853237
962,592,1447853237_cctv592.jpg,16,20,20,38,16,0.183545753783,1447853237
963,593,1447853237_cctv593.jpg,18,26,26,40,22,0.188514316147,1447853237
964,589,1447855038_cctv589.jpg,25,40,40,42,27,0.207863002167,1447855038
965,590,1447855038_cctv590.jpg,19,11,11,25,15,0.169199360144,1447855038
966,592,1447855038_cctv592.jpg,30,38,38,42,33,0.209804039258,1447855038
967,593,1447855038_cctv593.jpg,29,25,25,60,46,0.135963913982,1447855038
968,589,1447858647_cctv589.jpg,30,33,33,51,30,0.159762400973,1447858647
969,590,1447858647_cctv590.jpg,16,12,12,28,17,0.254867438182,1447858647
970,592,1447858647_cctv592.jpg,20,36,36,50,27,0.157724796995,1447858647
971,593,1447858647_cctv593.jpg,1,38,38,55,19,0.233199916308,1447858647
972,589,1447860448_cctv589.jpg,21,7,7,19,13,0.181755015844,1447860448
973,590,1447860448_cctv590.jpg,3,5,5,28,24,0.138556928622,1447860448
974,592,1447860448_cctv592.jpg,14,18,18,23,18,0.138094230143,1447860448
975,593,1447860448_cctv593.jpg,17,18,18,55,39,0.190212929541,1447860448
976,589,1447862248_cctv589.jpg,16,14,14,22,14,0.0973734929501,1447862248
977,590,1447862248_cctv590.jpg,8,11,11,26,19,0.0730795747469,1447862248
978,592,1447862248_cctv592.jpg,11,27,27,32,16,0.133321346535,1447862248
979,593,1447862248_cctv593.jpg,10,11,11,21,13,0.098358784863,1447862248
980,589,1447874065_cctv589.jpg,8,9,9,24,17,0.0847826306537,1447874065
981,590,1447874065_cctv590.jpg,11,11,11,21,13,0.118456133392,1447874065
982,592,1447874065_cctv592.jpg,9,16,16,22,11,0.122148675543,1447874065
983,593,1447874065_cctv593.jpg,14,25,25,57,31,0.142856272335,1447874065
984,589,1447875866_cctv589.jpg,9,15,15,28,23,0.113766356703,1447875866
985,590,1447875866_cctv590.jpg,8,10,10,16,10,0.0751846367195,1447875866
986,592,1447875866_cctv592.jpg,9,17,17,19,15,0.155953405619,1447875866
987,593,1447875866_cctv593.jpg,7,13,13,25,14,0.124918265906,1447875866
988,589,1447877666_cctv589.jpg,35,38,38,61,38,0.154514351693,1447877666
989,590,1447877666_cctv590.jpg,7,9,9,15,10,0.0963447063221,1447877666
990,592,1447877666_cctv592.jpg,11,22,22,27,12,0.128372313943,1447877666
991,593,1447877666_cctv593.jpg,13,38,38,46,16,0.205162949813,1447877666
992,589,1447879467_cctv589.jpg,51,41,41,63,48,0.158168157165,1447879467
993,590,1447879467_cctv590.jpg,9,10,10,20,14,0.0724337164231,1447879467
994,592,1447879467_cctv592.jpg,7,16,16,27,16,0.079812161313,1447879467
995,593,1447879467_cctv593.jpg,12,19,19,29,14,0.154631421556,1447879467
996,589,1447881267_cctv589.jpg,22,36,36,53,30,0.179091701987,1447881267
997,592,1447881267_cctv592.jpg,14,35,35,38,20,0.203513025068,1447881267
998,593,1447881267_cctv593.jpg,15,25,25,33,13,0.203635159697,1447881267
999,590,1447942840_cctv590.jpg,4,11,11,21,12,0.0393266255488,1447942840
1000,592,1447942840_cctv592.jpg,16,14,14,29,18,0.138602553891,1447942840
1001,590,1447951741_cctv590.jpg,7,7,7,17,15,0.0815868390274,1447951741
1002,592,1447951741_cctv592.jpg,9,17,17,18,15,0.105442511342,1447951741
1003,590,1447953545_cctv590.jpg,5,8,8,14,9,0.0644639479733,1447953545
1004,592,1447953545_cctv592.jpg,6,11,11,26,11,0.117371772903,1447953545
1005,590,1447955345_cctv590.jpg,9,7,7,18,13,0.0791323194689,1447955345
1006,592,1447955345_cctv592.jpg,12,21,21,30,18,0.105233185138,1447955345
1007,590,1447957149_cctv590.jpg,5,8,8,13,9,0.0780239360242,1447957149
1008,592,1447957149_cctv592.jpg,9,15,15,32,15,0.144561370284,1447957149
